{"cameraMode":{"drawMode":0,"name":"Shaded","section":"Shading Mode"},"sceneLighting":false,"audioPlay":false,"sceneViewState":{"m_AlwaysRefresh":false,"showFog":true,"showSkybox":false,"showFlares":true,"showImageEffects":true,"showParticleSystems":true,"showVisualEffectGraphs":true,"m_FxEnabled":true},"in2DMode":false,"pivot":{"x":-1.1673097610473633,"y":0.10993294417858124,"z":0.5859599113464356},"rotation":{"x":-0.003713503945618868,"y":-0.9536404609680176,"z":0.008161447010934353,"w":-0.3019460439682007},"size":0.1414213627576828,"orthographic":false}