{"cameraMode":{"drawMode":0,"name":"Shaded","section":"Shading Mode"},"sceneLighting":false,"audioPlay":false,"sceneViewState":{"m_AlwaysRefresh":false,"showFog":true,"showSkybox":false,"showFlares":true,"showImageEffects":true,"showParticleSystems":true,"showVisualEffectGraphs":true,"m_FxEnabled":true},"in2DMode":false,"pivot":{"x":4.656654357910156,"y":2.1694839000701906,"z":1.0322068929672242},"rotation":{"x":0.02257584221661091,"y":-0.9692095518112183,"z":0.09714450687170029,"w":0.22519183158874513},"size":1.0181927680969239,"orthographic":false}