{"cameraMode":{"drawMode":0,"name":"Shaded","section":"Shading Mode"},"sceneLighting":false,"audioPlay":false,"sceneViewState":{"m_AlwaysRefresh":false,"showFog":false,"showSkybox":false,"showFlares":false,"showImageEffects":false,"showParticleSystems":false,"showVisualEffectGraphs":true,"m_FxEnabled":true},"in2DMode":false,"pivot":{"x":3.7760870456695558,"y":9.485188484191895,"z":13.004050254821778},"rotation":{"x":0.0042116520926356319,"y":0.9815572500228882,"z":-0.19112186133861543,"w":0.020546765998005868},"size":41.84775924682617,"orthographic":false}