{"cameraMode":{"drawMode":0,"name":"Shaded","section":"Shading Mode"},"sceneLighting":false,"audioPlay":false,"sceneViewState":{"m_AlwaysRefresh":false,"showFog":true,"showSkybox":false,"showFlares":true,"showImageEffects":true,"showParticleSystems":true,"showVisualEffectGraphs":true,"m_FxEnabled":true},"in2DMode":false,"pivot":{"x":0.015133440494537354,"y":-0.027323275804519655,"z":-4.470348358154297e-8},"rotation":{"x":0.004980054683983326,"y":-0.6512603759765625,"z":0.004178735427558422,"w":0.7592380046844482},"size":1.070261836051941,"orthographic":false}