{"cameraMode":{"drawMode":0,"name":"Shaded","section":"Shading Mode"},"sceneLighting":false,"audioPlay":false,"sceneViewState":{"m_AlwaysRefresh":false,"showFog":true,"showSkybox":false,"showFlares":true,"showImageEffects":true,"showParticleSystems":true,"showVisualEffectGraphs":true,"m_FxEnabled":true},"in2DMode":false,"pivot":{"x":-0.8599791526794434,"y":0.07376178354024887,"z":0.02999478578567505},"rotation":{"x":0.010718085803091526,"y":-0.9742950201034546,"z":0.04728475213050842,"w":0.2203557938337326},"size":1.365208387374878,"orthographic":false}