{"cameraMode":{"drawMode":0,"name":"Shaded","section":"Shading Mode"},"sceneLighting":false,"audioPlay":false,"sceneViewState":{"m_AlwaysRefresh":false,"showFog":true,"showSkybox":false,"showFlares":true,"showImageEffects":true,"showParticleSystems":true,"showVisualEffectGraphs":true,"m_FxEnabled":true},"in2DMode":false,"pivot":{"x":0.39950644969940188,"y":-5.183046340942383,"z":0.018030166625976564},"rotation":{"x":-0.18247438967227937,"y":0.7963676452636719,"z":-0.49718382954597475,"w":-0.29286786913871767},"size":2.598076105117798,"orthographic":false}