{"cameraMode":{"drawMode":0,"name":"Shaded","section":"Shading Mode"},"sceneLighting":false,"audioPlay":false,"sceneViewState":{"m_AlwaysRefresh":false,"showFog":false,"showSkybox":false,"showFlares":false,"showImageEffects":false,"showParticleSystems":false,"showVisualEffectGraphs":true,"m_FxEnabled":true},"in2DMode":false,"pivot":{"x":-14.977635383605957,"y":-3.223419189453125,"z":-40.809173583984378},"rotation":{"x":0.025023924186825753,"y":0.9201745390892029,"z":-0.3866661787033081,"w":0.059374015778303149},"size":34.518367767333987,"orthographic":false}